Image_name,Index
image_0000.png,0
image_0001.png,1
image_0002.png,2
image_0003.png,3
image_0004.png,4
image_0005.png,5
image_0006.png,6
image_0007.png,7
image_0008.png,8
image_0009.png,9
image_0010.png,10
image_0011.png,11
image_0012.png,12
image_0013.png,13
image_0014.png,14
image_0015.png,15
image_0016.png,16
image_0017.png,17
image_0018.png,18
image_0019.png,19
image_0020.png,20
image_0021.png,21
image_0022.png,22
image_0023.png,23
image_0024.png,24
image_0025.png,25
image_0026.png,26
image_0027.png,27
image_0028.png,28
image_0029.png,29
image_0030.png,30
image_0031.png,31
image_0032.png,32
image_0033.png,33
image_0034.png,34
image_0035.png,35
image_0036.png,36
image_0037.png,37
image_0038.png,38
image_0039.png,39
image_0040.png,40
image_0041.png,41
image_0042.png,42
image_0043.png,43
image_0044.png,44
image_0045.png,45
image_0046.png,46
image_0047.png,47
image_0048.png,48
image_0049.png,49
image_0050.png,50
image_0051.png,51
image_0052.png,52
image_0053.png,53
image_0054.png,54
image_0055.png,55
image_0056.png,56
image_0057.png,57
image_0058.png,58
image_0059.png,59
image_0060.png,60
image_0061.png,61
image_0062.png,62
image_0063.png,63
image_0064.png,64
image_0065.png,65
image_0066.png,66
image_0067.png,67
image_0068.png,68
image_0069.png,69
image_0070.png,70
image_0071.png,71
image_0072.png,72
image_0073.png,73
image_0074.png,74
image_0075.png,75
image_0076.png,76
image_0077.png,77
image_0078.png,78
image_0079.png,79
image_0080.png,80
image_0081.png,81
image_0082.png,82
image_0083.png,83
image_0084.png,84
image_0085.png,85
image_0086.png,86
image_0087.png,87
image_0088.png,88
image_0089.png,89
image_0090.png,90
image_0091.png,91
image_0092.png,92
image_0093.png,93
image_0094.png,94
image_0095.png,95
image_0096.png,96
image_0097.png,97
image_0098.png,98
image_0099.png,99
image_0100.png,100
image_0101.png,101
image_0102.png,102
image_0103.png,103
image_0104.png,104
image_0105.png,105
image_0106.png,106
image_0107.png,107
image_0108.png,108
image_0109.png,109
image_0110.png,110
image_0111.png,111
image_0112.png,112
image_0113.png,113
image_0114.png,114
image_0115.png,115
image_0116.png,116
image_0117.png,117
image_0118.png,118
image_0119.png,119
image_0120.png,120
image_0121.png,121
image_0122.png,122
image_0123.png,123
image_0124.png,124
image_0125.png,125
image_0126.png,126
image_0127.png,127
image_0128.png,128
image_0129.png,129
image_0130.png,130
image_0131.png,131
image_0132.png,132
image_0133.png,133
image_0134.png,134
image_0135.png,135
image_0136.png,136
image_0137.png,137
image_0138.png,138
image_0139.png,139
image_0140.png,140
image_0141.png,141
image_0142.png,142
image_0143.png,143
image_0144.png,144
image_0145.png,145
image_0146.png,146
image_0147.png,147
image_0148.png,148
image_0149.png,149
image_0150.png,150
image_0151.png,151
image_0152.png,152
image_0153.png,153
image_0154.png,154
image_0155.png,155
image_0156.png,156
image_0157.png,157
image_0158.png,158
