Image_name,index
images_00000.png,0
images_00001.png,1
images_00002.png,2
images_00003.png,3
images_00004.png,4
images_00005.png,5
images_00006.png,6
images_00007.png,7
images_00008.png,8
images_00009.png,9
images_00010.png,10
images_00011.png,11
images_00012.png,12
images_00013.png,13
images_00014.png,14
images_00015.png,15
images_00016.png,16
images_00017.png,17
images_00018.png,18
images_00019.png,19
images_00020.png,20
images_00021.png,21
images_00022.png,22
images_00023.png,23
images_00024.png,24
images_00025.png,25
images_00026.png,26
images_00027.png,27
images_00028.png,28
images_00029.png,29
images_00030.png,30
images_00031.png,31
images_00032.png,32
images_00033.png,33
images_00034.png,34
images_00035.png,35
images_00036.png,36
images_00037.png,37
images_00038.png,38
images_00039.png,39
images_00040.png,40
images_00041.png,41
images_00042.png,42
images_00043.png,43
images_00044.png,44
images_00045.png,45
images_00046.png,46
images_00047.png,47
images_00048.png,48
images_00049.png,49
images_00050.png,50
images_00051.png,51
images_00052.png,52
images_00053.png,53
images_00054.png,54
images_00055.png,55
images_00056.png,56
images_00057.png,57
images_00058.png,58
images_00059.png,59
images_00060.png,60
images_00061.png,61
images_00062.png,62
images_00063.png,63
images_00064.png,64
images_00065.png,65
images_00066.png,66
images_00067.png,67
images_00068.png,68
images_00069.png,69
images_00070.png,70
images_00071.png,71
images_00072.png,72
images_00073.png,73
images_00074.png,74
images_00075.png,75
images_00076.png,76
images_00077.png,77
images_00078.png,78
images_00079.png,79
images_00080.png,80
images_00081.png,81
images_00082.png,82
images_00083.png,83
images_00084.png,84
images_00085.png,85
images_00086.png,86
images_00087.png,87
images_00088.png,88
images_00089.png,89
images_00090.png,90
images_00091.png,91
images_00092.png,92
images_00093.png,93
images_00094.png,94
images_00095.png,95
images_00096.png,96
images_00097.png,97
images_00098.png,98
images_00099.png,99
images_00100.png,100
images_00101.png,101
images_00102.png,102
images_00103.png,103
images_00104.png,104
images_00105.png,105
images_00106.png,106
images_00107.png,107
images_00108.png,108
images_00109.png,109
images_00110.png,110
images_00111.png,111
images_00112.png,112
